Country,WB_WDI_CC_PER_RANK,WB_WDI_PV_PER_RNK,Country_fi
Afghanistan,13.68,1.42,Afganistan
Albania,43.4,51.66,Albania
Algeria,30.19,23.22,Algeria
American Samoa,87.74,91.94,Amerikan Samoa
Andorra,87.74,98.58,Andorra
Angola,29.25,32.23,Angola
Antigua and Barbuda,62.26,80.57,Antigua ja Barbuda
Argentina,41.98,41.71,Argentiina
Armenia,57.08,17.06,Armenia
Aruba,75.47,97.63,Aruba
Australia,95.75,79.62,Australia
Austria,83.49,71.56,Itävalta
Azerbaijan,12.26,18.01,Azerbaidžan
"Bahamas, The",88.21,84.83,Bahama
Bahrain,59.43,29.38,Bahrain
Bangladesh,14.62,15.64,Bangladesh
Barbados,89.62,93.84,Barbados
Belarus,26.89,18.48,Valkovenäjä
Belgium,89.15,58.29,Belgia
Belize,48.11,65.4,Belize
Benin,52.83,31.75,Benin
Bermuda,87.74,86.73,Bermuda
Bhutan,91.04,83.41,Bhutan
Bolivia,21.7,35.07,Bolivia
Bosnia and Herzegovina,30.66,31.28,Bosnia ja Hertsegovina
Botswana,73.58,87.2,Botswana
Brazil,34.43,28.44,Brasilia
Brunei Darussalam,88.68,96.68,Brunei Darussalamin valtio
Bulgaria,50,55.45,Bulgaria
Burkina Faso,49.53,5.69,Burkina Faso
Burundi,3.3,12.8,Burundi
Cabo Verde,81.13,79.15,Kap Verde
Cambodia,9.43,47.87,Kambodža
Cameroon,13.21,11.37,Kamerun
Canada,94.81,76.3,Kanada
Cayman Islands,65.09,99.53,Caymansaaret
Central African Republic,8.96,3.32,Keski-Afrikan tasavalta
Chad,4.72,9,Tšad
Chile,80.66,50.24,Chile
China,54.25,25.12,Kiina
Colombia,44.81,18.96,Kolumbia
Comoros,19.34,38.86,Komorit
"Congo, Dem. Rep.",5.19,5.21,Kongon demokraattinen tasavalta
"Congo, Rep.",8.02,46.92,Kongon Tasavalta
Costa Rica,72.64,83.89,Costa Rica
Côte d’Ivoire,44.34,21.8,Norsunluurannikko
Croatia,59.91,67.77,Kroatia
Cuba,52.36,56.87,Kuuba
Cyprus,62.74,59.24,Kypros
Czechia,76.89,82.46,Tšekki
Denmark,100,76.78,Tanska
Djibouti,23.58,24.64,Djibouti
Dominica,67.45,95.73,Dominica
Dominican Republic,37.74,53.55,Dominikaaninen tasavalta
Ecuador,27.83,32.7,Ecuador
"Egypt, Arab Rep.",24.53,16.59,Egypti
El Salvador,32.08,46.45,El Salvador
Equatorial Guinea,2.83,38.39,Päiväntasaajan Guinea
Eritrea,5.66,17.54,Eritrea
Estonia,91.51,69.19,Viro
Eswatini,25,30.81,Swazimaa
Ethiopia,37.26,6.16,Etiopia
Fiji,66.04,72.99,Fidži
Finland,99.53,71.09,Suomi
France,83.96,55.92,Ranska
Gabon,17.92,33.65,Gabon
"Gambia, The",46.23,45.97,Gambia
Georgia,71.23,33.18,Georgia
Germany,94.34,66.35,Saksa
Ghana,51.42,45.5,Ghana
Greece,58.02,54.03,Kreikka
Greenland,82.08,98.1,Grönlanti
Grenada,68.4,86.26,Grenada
Guam,87.74,78.2,Guam
Guatemala,14.15,36.97,Guatemala
Guinea,20.28,16.11,Guinea
Guinea-Bissau,12.74,34.12,Guinea-Bissau
Guyana,40.57,43.6,Guyana
Haiti,6.13,10.43,Haiti
Honduras,15.09,27.96,Honduras
"Hong Kong SAR, China",93.4,69.67,Hongkong
Hungary,54.72,72.04,Unkari
Iceland,91.98,95.26,Islanti
India,41.51,21.33,Intia
Indonesia,36.32,28.91,Indonesia
"Iran, Islamic Rep.",10.38,8.06,Iran
Iraq,8.49,2.37,Irak
Ireland,92.92,78.67,Irlanti
Israel,78.77,9.95,Israel
Italy,67.92,64.93,Italia
Jamaica,50.94,57.35,Jamaika
Japan,90.09,81.52,Japani
Jordan,57.55,40.28,Jordania
Kazakhstan,47.17,36.49,Kazakstan
Kenya,24.06,14.69,Kenia
Kiribati,64.15,91,Kiribati
"Korea, Dem. People's Rep.",2.36,30.33,Pohjois-Korea
"Korea, Rep.",79.72,68.25,Etelä-Korea
Kosovo,48.58,34.6,Kosovo
Kuwait,60.38,58.77,Kuwait
Kyrgyz Republic,11.32,26.54,Kirgiisi
Lao PDR,19.81,75.36,Lao
Latvia,74.53,66.82,Latvia
Lebanon,10.85,9.48,Libanon
Lesotho,33.49,35.55,Lesotho
Liberia,20.75,42.65,Liberia
Libya,3.77,4.27,Libya
Liechtenstein,95.28,99.05,Liechtenstein
Lithuania,77.83,72.51,Liettua
Luxembourg,96.7,87.68,Luxemburg
"Macao SAR, China",79.25,88.15,Macao
Madagascar,18.4,19.91,Madagaskar
Malawi,29.72,37.91,Malawi
Malaysia,61.79,50.71,Malesia
Maldives,39.62,62.56,Malediivit
Mali,21.23,0.47,Mali
Malta,58.49,77.25,Malta
Marshall Islands,64.15,93.36,Marshallinsaaret
Mauritania,22.64,26.07,Mauritania
Mauritius,65.57,74.88,Mauritius
Mexico,17.45,22.75,Meksiko
"Micronesia, Fed. Sts.",78.3,89.57,Mikronesia
Moldova,46.7,20.38,Moldova
Monaco,87.74,93.36,Monaco
Mongolia,35.38,67.3,Mongolia
Montenegro,51.89,48.82,Montenegro
Morocco,33.02,29.86,Marokko
Mozambique,22.17,11.85,Mosambik
Myanmar,11.79,4.74,Myanmar
Namibia,58.96,63.51,Namibia
Nauru,69.81,82.94,Nauru
Nepal,33.96,39.34,Nepal
Netherlands,96.23,68.72,Alankomaat
New Zealand,98.58,96.21,Uusi-Seelanti
Nicaragua,7.08,42.18,Nicaragua
Niger,31.6,8.53,Niger
Nigeria,16.98,7.58,Nigeria
North Macedonia,42.45,51.18,Pohjois-Makedonian tasavalta
Norway,99.06,77.73,Norja
Oman,60.85,65.88,Oman
Pakistan,18.87,6.64,Pakistan
Palau,69.81,89.57,Palau
Panama,28.3,52.61,Panama
Papua New Guinea,27.36,27.01,Papua-Uusi-Guinea
Paraguay,16.04,49.29,Paraguay
Peru,25.47,24.17,Peru
Philippines,32.55,23.7,Filippiinit
Poland,68.87,63.98,Puola
Portugal,74.06,70.62,Portugali
Puerto Rico,55.19,61.14,Puerto Rico
Qatar,75,84.36,Qatar
Romania,56.13,56.4,Romania
Russian Federation,15.57,13.27,Venäjä
Rwanda,73.11,49.76,Ruanda
Samoa,75.94,90.52,Samoa
San Marino,87.74,93.36,San Marino
São Tomé and Príncipe,63.21,60.19,São Tomé ja Príncipe
Saudi Arabia,66.51,39.81,Saudi-Arabia
Senegal,56.6,41.23,Senegal
Serbia,38.21,44.55,Serbia
Seychelles,93.87,73.93,Seychellit
Sierra Leone,31.13,37.44,Sierra Leone
Singapore,98.11,97.16,Singapore
Slovak Republic,61.32,64.45,Slovakia
Slovenia,77.36,75.83,Slovenia
Solomon Islands,50.47,60.66,Salomonsaaret
"Somalia, Federal Republic of",0.94,2.84,Somalia
South Africa,45.75,20.85,Etelä-Afrikka
South Sudan,0,3.79,Etelä-Sudan
Spain,71.7,54.98,Espanja
Sri Lanka,40.09,25.59,Sri Lanka
St. Kitts and Nevis,64.62,80.57,Saint Kitts ja Nevis
St. Lucia,66.98,86.26,Saint Lucia
St. Vincent and the Grenadines,76.42,86.26,Saint Vincent ja Grenadiinit 
Sudan,4.25,1.9,Sudan
Suriname,39.15,59.72,Suriname
Sweden,97.64,73.46,Ruotsi
Switzerland,97.17,88.63,Sveitsi
Syrian Arab Republic,0.47,0,Syyria
Tajikistan,7.55,27.49,Tadžikistan
Tanzania,43.87,44.08,Tansania
Thailand,35.85,36.02,Thaimaa
Timor-Leste,47.64,54.5,Itä-Timor
Togo,28.77,14.22,Togo
Tonga,45.28,90.05,Tonga
Trinidad and Tobago,41.04,57.82,Trinidad ja Tobago
Tunisia,42.92,22.27,Tunisia
Türkiye,34.91,13.74,Turkki
Turkmenistan,6.6,43.13,Turkmenistan
Tuvalu,72.17,94.31,Tuvalu
Uganda,16.51,19.43,Uganda
Ukraine,25.94,10.9,Ukraina
United Arab Emirates,82.55,70.14,Yhdistyneet arabiemiirikunnat
United Kingdom,90.57,62.09,Yhdistynyt kuningaskunta
United States,83.02,47.39,Yhdysvallat
Uruguay,92.45,81.99,Uruguay
Uzbekistan,23.11,40.76,Uzbekistan
Vanuatu,53.77,81.04,Vanuatu
"Venezuela, RB",1.42,12.32,Venezuela
Vietnam,38.68,45.02,Vietnam
Virgin Islands (U.S.),53.3,63.03,Neitsytsaaret
West Bank and Gaza,26.42,7.11,Länsiranta ja Gaza
"Yemen, Rep.",1.89,0.95,Jemen
Zambia,36.79,52.13,Sambia
Zimbabwe,9.91,15.17,Zimbabwe
